studyName,Sample Number,Species,Region,Island,Stage,Individual ID,Clutch Completion,Date Egg,Culmen Length (mm),Culmen Depth (mm),Flipper Length (mm),Body Mass (g),Sex,Delta 15 N (o/oo),Delta 13 C (o/oo),Comments,Penguin_BMI,Species_Label
PAL0708,1,Adelie,Anvers,Torgersen,"Adult, 1 Egg Stage",N1A1,Yes,11/11/07,39.1,18.7,181.0,3750.0,1,8.7333816969697,-25.6862915407855,Not enough blood for isotopes.,0.11446537040993865,0
PAL0708,2,Adelie,Anvers,Torgersen,"Adult, 1 Egg Stage",N1A2,Yes,11/11/07,39.5,17.4,186.0,3800.0,0,8.94956,-24.69454,,0.10983928777893398,0
PAL0708,3,Adelie,Anvers,Torgersen,"Adult, 1 Egg Stage",N2A1,Yes,11/16/07,40.3,18.0,195.0,3250.0,0,8.36821,-25.33302,,0.08547008547008547,0
PAL0708,4,Adelie,Anvers,Torgersen,"Adult, 1 Egg Stage",N2A2,Yes,11/16/07,43.9219298245614,17.151169590643278,200.91520467836258,4201.754385964912,1,8.7333816969697,-25.6862915407855,Adult not sampled.,0.10408905215045883,0
PAL0708,5,Adelie,Anvers,Torgersen,"Adult, 1 Egg Stage",N3A1,Yes,11/16/07,36.7,19.3,193.0,3450.0,0,8.76651,-25.32426,,0.09261993610566727,0
PAL0708,6,Adelie,Anvers,Torgersen,"Adult, 1 Egg Stage",N3A2,Yes,11/16/07,39.3,20.6,190.0,3650.0,1,8.66496,-25.29805,,0.10110803324099724,0
PAL0708,7,Adelie,Anvers,Torgersen,"Adult, 1 Egg Stage",N4A1,No,11/15/07,38.9,17.8,181.0,3625.0,0,9.18718,-25.21799,Nest never observed with full clutch.,0.1106498580629407,0
PAL0708,8,Adelie,Anvers,Torgersen,"Adult, 1 Egg Stage",N4A2,No,11/15/07,39.2,19.6,195.0,4675.0,1,9.4606,-24.89958,Nest never observed with full clutch.,0.12294543063773833,0
PAL0708,9,Adelie,Anvers,Torgersen,"Adult, 1 Egg Stage",N5A1,Yes,11/9/07,34.1,18.1,193.0,3475.0,1,8.7333816969697,-25.6862915407855,No blood sample obtained.,0.09329109506295472,0
PAL0708,10,Adelie,Anvers,Torgersen,"Adult, 1 Egg Stage",N5A2,Yes,11/9/07,42.0,20.2,190.0,4250.0,1,9.13362,-25.09368,No blood sample obtained for sexing.,0.11772853185595568,0
PAL0708,11,Adelie,Anvers,Torgersen,"Adult, 1 Egg Stage",N6A1,Yes,11/9/07,37.8,17.1,186.0,3300.0,1,8.63243,-25.21315,No blood sample obtained for sexing.,0.09538674991328477,0
PAL0708,12,Adelie,Anvers,Torgersen,"Adult, 1 Egg Stage",N6A2,Yes,11/9/07,37.8,17.3,180.0,3700.0,1,8.7333816969697,-25.6862915407855,No blood sample obtained.,0.11419753086419752,0
PAL0708,13,Adelie,Anvers,Torgersen,"Adult, 1 Egg Stage",N7A1,Yes,11/15/07,41.1,17.6,182.0,3200.0,0,8.7333816969697,-25.6862915407855,Not enough blood for isotopes.,0.09660669001328342,0
PAL0708,14,Adelie,Anvers,Torgersen,"Adult, 1 Egg Stage",N7A2,Yes,11/15/07,38.6,21.2,191.0,3800.0,1,8.7333816969697,-25.6862915407855,Not enough blood for isotopes.,0.10416381129903238,0
PAL0708,15,Adelie,Anvers,Torgersen,"Adult, 1 Egg Stage",N8A1,Yes,11/16/07,34.6,21.1,198.0,4400.0,1,8.55583,-25.22588,,0.1122334455667789,0
PAL0708,16,Adelie,Anvers,Torgersen,"Adult, 1 Egg Stage",N8A2,Yes,11/16/07,36.6,17.8,185.0,3700.0,0,8.7333816969697,-25.6862915407855,Not enough blood for isotopes.,0.10810810810810811,0
PAL0708,17,Adelie,Anvers,Torgersen,"Adult, 1 Egg Stage",N9A1,Yes,11/12/07,38.7,19.0,195.0,3450.0,0,9.18528,-25.06691,,0.09072978303747535,0
PAL0708,18,Adelie,Anvers,Torgersen,"Adult, 1 Egg Stage",N9A2,Yes,11/12/07,42.5,20.7,197.0,4500.0,1,8.67538,-25.13993,,0.11595248524826715,0
PAL0708,19,Adelie,Anvers,Torgersen,"Adult, 1 Egg Stage",N10A1,Yes,11/16/07,34.4,18.4,184.0,3325.0,0,8.47827,-25.23319,,0.09821006616257089,0
PAL0708,20,Adelie,Anvers,Torgersen,"Adult, 1 Egg Stage",N10A2,Yes,11/16/07,46.0,21.5,194.0,4200.0,1,9.11616,-24.77227,,0.11159528111382719,0
PAL0708,21,Adelie,Anvers,Biscoe,"Adult, 1 Egg Stage",N11A1,Yes,11/12/07,37.8,18.3,174.0,3400.0,0,8.73762,-25.09383,,0.11230017175320386,0
PAL0708,22,Adelie,Anvers,Biscoe,"Adult, 1 Egg Stage",N11A2,Yes,11/12/07,37.7,18.7,180.0,3600.0,1,8.66271,-25.0639,,0.1111111111111111,0
PAL0708,23,Adelie,Anvers,Biscoe,"Adult, 1 Egg Stage",N12A1,Yes,11/12/07,35.9,19.2,189.0,3800.0,0,9.22286,-25.03474,,0.10638000055989474,0
PAL0708,24,Adelie,Anvers,Biscoe,"Adult, 1 Egg Stage",N12A2,Yes,11/12/07,38.2,18.1,185.0,3950.0,1,8.43423,-25.22664,,0.1154127100073046,0
PAL0708,25,Adelie,Anvers,Biscoe,"Adult, 1 Egg Stage",N13A1,Yes,11/10/07,38.8,17.2,180.0,3800.0,1,9.63954,-25.29856,,0.11728395061728394,0
PAL0708,26,Adelie,Anvers,Biscoe,"Adult, 1 Egg Stage",N13A2,Yes,11/10/07,35.3,18.9,187.0,3800.0,0,9.21292,-24.3613,,0.10866767708541851,0
PAL0708,27,Adelie,Anvers,Biscoe,"Adult, 1 Egg Stage",N17A1,Yes,11/12/07,40.6,18.6,183.0,3550.0,1,8.93997,-25.36288,,0.10600495685150348,0
PAL0708,28,Adelie,Anvers,Biscoe,"Adult, 1 Egg Stage",N17A2,Yes,11/12/07,40.5,17.9,187.0,3200.0,0,8.08138,-25.49448,,0.09150962280877349,0
PAL0708,29,Adelie,Anvers,Biscoe,"Adult, 1 Egg Stage",N18A1,No,11/10/07,37.9,18.6,172.0,3150.0,0,8.38404,-25.19837,Nest never observed with full clutch.,0.10647647376960519,0
PAL0708,30,Adelie,Anvers,Biscoe,"Adult, 1 Egg Stage",N18A2,No,11/10/07,40.5,18.9,180.0,3950.0,1,8.90027,-25.11609,Nest never observed with full clutch.,0.12191358024691358,0
PAL0708,31,Adelie,Anvers,Dream,"Adult, 1 Egg Stage",N21A1,Yes,11/9/07,39.5,16.7,178.0,3250.0,0,9.69756,-25.11223,,0.10257543239489963,0
PAL0708,32,Adelie,Anvers,Dream,"Adult, 1 Egg Stage",N21A2,Yes,11/9/07,37.2,18.1,178.0,3900.0,1,9.72764,-25.0102,,0.12309051887387956,0
PAL0708,33,Adelie,Anvers,Dream,"Adult, 1 Egg Stage",N22A1,Yes,11/9/07,39.5,17.8,188.0,3300.0,0,9.66523,-25.0602,,0.09336803983703033,0
PAL0708,34,Adelie,Anvers,Dream,"Adult, 1 Egg Stage",N22A2,Yes,11/9/07,40.9,18.9,184.0,3900.0,1,8.79665,-25.14591,,0.1151937618147448,0
PAL0708,35,Adelie,Anvers,Dream,"Adult, 1 Egg Stage",N23A1,Yes,11/16/07,36.4,17.0,195.0,3325.0,0,9.17847,-25.23061,,0.08744247205785667,0
PAL0708,36,Adelie,Anvers,Dream,"Adult, 1 Egg Stage",N23A2,Yes,11/16/07,39.2,21.1,196.0,4150.0,1,9.15308,-25.03469,,0.10802790503956684,0
PAL0708,37,Adelie,Anvers,Dream,"Adult, 1 Egg Stage",N24A1,Yes,11/16/07,38.8,20.0,190.0,3950.0,1,9.18985,-25.12255,,0.10941828254847645,0
PAL0708,38,Adelie,Anvers,Dream,"Adult, 1 Egg Stage",N24A2,Yes,11/16/07,42.2,18.5,180.0,3550.0,0,8.04787,-25.49523,,0.1095679012345679,0
PAL0708,39,Adelie,Anvers,Dream,"Adult, 1 Egg Stage",N25A1,No,11/13/07,37.6,19.3,181.0,3300.0,0,9.41131,-25.04169,Nest never observed with full clutch.,0.10072952596074601,0
PAL0708,40,Adelie,Anvers,Dream,"Adult, 1 Egg Stage",N25A2,No,11/13/07,39.8,19.1,184.0,4650.0,1,8.7333816969697,-25.6862915407855,Nest never observed with full clutch. Not enough blood for isotopes.,0.13734640831758035,0
PAL0708,41,Adelie,Anvers,Dream,"Adult, 1 Egg Stage",N26A1,Yes,11/16/07,36.5,18.0,182.0,3150.0,0,9.68933,-24.4228,,0.09509721048182587,0
PAL0708,42,Adelie,Anvers,Dream,"Adult, 1 Egg Stage",N26A2,Yes,11/16/07,40.8,18.4,195.0,3900.0,1,8.7333816969697,-25.6862915407855,Not enough blood for isotopes.,0.10256410256410256,0
PAL0708,43,Adelie,Anvers,Dream,"Adult, 1 Egg Stage",N27A1,Yes,11/19/07,36.0,18.5,186.0,3100.0,0,9.50772,-25.03492,,0.08960573476702509,0
PAL0708,44,Adelie,Anvers,Dream,"Adult, 1 Egg Stage",N27A2,Yes,11/19/07,44.1,19.7,196.0,4400.0,1,9.2372,-24.52698,,0.11453561016243231,0
PAL0708,45,Adelie,Anvers,Dream,"Adult, 1 Egg Stage",N28A1,Yes,11/16/07,37.0,16.9,185.0,3000.0,0,9.36392,-25.01745,,0.08765522279035792,0
PAL0708,46,Adelie,Anvers,Dream,"Adult, 1 Egg Stage",N28A2,Yes,11/16/07,39.6,18.8,190.0,4600.0,1,9.49106,-24.10255,,0.12742382271468145,0
PAL0708,47,Adelie,Anvers,Dream,"Adult, 1 Egg Stage",N29A1,Yes,11/13/07,41.1,19.0,182.0,3425.0,1,8.7333816969697,-25.6862915407855,Not enough blood for isotopes.,0.10339934790484241,0
PAL0708,48,Adelie,Anvers,Dream,"Adult, 1 Egg Stage",N29A2,Yes,11/13/07,37.5,18.9,179.0,2975.0,1,8.7333816969697,-25.6862915407855,Sexing primers did not amplify. Not enough blood for isotopes.,0.09284978621141662,0
PAL0708,49,Adelie,Anvers,Dream,"Adult, 1 Egg Stage",N30A1,Yes,11/13/07,36.0,17.9,190.0,3450.0,0,9.51784,-25.07683,,0.09556786703601108,0
PAL0708,50,Adelie,Anvers,Dream,"Adult, 1 Egg Stage",N30A2,Yes,11/13/07,42.3,21.2,191.0,4150.0,1,8.87988,-25.18543,,0.11375784655025904,0
PAL0809,51,Adelie,Anvers,Biscoe,"Adult, 1 Egg Stage",N21A1,Yes,11/6/08,39.6,17.7,186.0,3500.0,0,8.46616,-26.12989,,0.10116776505954446,0
PAL0809,52,Adelie,Anvers,Biscoe,"Adult, 1 Egg Stage",N21A2,Yes,11/6/08,40.1,18.9,188.0,4300.0,1,8.51362,-26.55602,,0.12166138524219104,0
PAL0809,53,Adelie,Anvers,Biscoe,"Adult, 1 Egg Stage",N22A1,Yes,11/9/08,35.0,17.9,190.0,3450.0,0,8.19539,-26.17213,,0.09556786703601108,0
PAL0809,54,Adelie,Anvers,Biscoe,"Adult, 1 Egg Stage",N22A2,Yes,11/9/08,42.0,19.5,200.0,4050.0,1,8.48095,-26.3146,,0.10125,0
PAL0809,55,Adelie,Anvers,Biscoe,"Adult, 1 Egg Stage",N23A1,Yes,11/9/08,34.5,18.1,187.0,2900.0,0,8.41837,-26.54718,,0.08293059567045097,0
PAL0809,56,Adelie,Anvers,Biscoe,"Adult, 1 Egg Stage",N23A2,Yes,11/9/08,41.4,18.6,191.0,3700.0,1,8.35396,-26.27853,,0.10142265837011047,0
PAL0809,57,Adelie,Anvers,Biscoe,"Adult, 1 Egg Stage",N24A1,Yes,11/15/08,39.0,17.5,186.0,3550.0,0,8.57199,-26.07188,,0.10261301884610938,0
PAL0809,58,Adelie,Anvers,Biscoe,"Adult, 1 Egg Stage",N24A2,Yes,11/15/08,40.6,18.8,193.0,3800.0,1,8.56674,-25.98843,,0.10201616150769148,0
PAL0809,59,Adelie,Anvers,Biscoe,"Adult, 1 Egg Stage",N25A1,Yes,11/15/08,36.5,16.6,181.0,2850.0,0,9.07878,-25.88156,,0.08699368151155337,0
PAL0809,60,Adelie,Anvers,Biscoe,"Adult, 1 Egg Stage",N25A2,Yes,11/15/08,37.6,19.1,194.0,3750.0,1,9.108,-25.89677,,0.09963864385163142,0
PAL0809,61,Adelie,Anvers,Biscoe,"Adult, 1 Egg Stage",N27A1,Yes,11/13/08,35.7,16.9,185.0,3150.0,0,8.96472,-26.40943,,0.09203798392987582,0
PAL0809,62,Adelie,Anvers,Biscoe,"Adult, 1 Egg Stage",N27A2,Yes,11/13/08,41.3,21.1,195.0,4400.0,1,8.74802,-26.37809,,0.11571334648257725,0
PAL0809,63,Adelie,Anvers,Biscoe,"Adult, 1 Egg Stage",N28A1,Yes,11/13/08,37.6,17.0,185.0,3600.0,0,8.58063,-26.21569,,0.10518626734842951,0
PAL0809,64,Adelie,Anvers,Biscoe,"Adult, 1 Egg Stage",N28A2,Yes,11/13/08,41.1,18.2,192.0,4050.0,1,8.62264,-26.60023,,0.10986328125,0
PAL0809,65,Adelie,Anvers,Biscoe,"Adult, 1 Egg Stage",N29A1,Yes,11/13/08,36.4,17.1,184.0,2850.0,0,8.62623,-26.1165,,0.08418005671077505,0
PAL0809,66,Adelie,Anvers,Biscoe,"Adult, 1 Egg Stage",N29A2,Yes,11/13/08,41.6,18.0,192.0,3950.0,1,8.85562,-26.09294,,0.1071506076388889,0
PAL0809,67,Adelie,Anvers,Biscoe,"Adult, 1 Egg Stage",N30A1,Yes,11/6/08,35.5,16.2,195.0,3350.0,0,8.56192,-25.95541,,0.0880999342537804,0
PAL0809,68,Adelie,Anvers,Biscoe,"Adult, 1 Egg Stage",N30A2,Yes,11/6/08,41.1,19.1,188.0,4100.0,1,8.71078,-25.81012,,0.1160027161611589,0
PAL0809,69,Adelie,Anvers,Torgersen,"Adult, 1 Egg Stage",N32A1,No,11/11/08,35.9,16.6,190.0,3050.0,0,8.47781,-26.07821,Nest never observed with full clutch.,0.08448753462603878,0
PAL0809,70,Adelie,Anvers,Torgersen,"Adult, 1 Egg Stage",N32A2,No,11/11/08,41.8,19.4,198.0,4450.0,1,8.86853,-26.06209,Nest never observed with full clutch.,0.11350882563003775,0
PAL0809,71,Adelie,Anvers,Torgersen,"Adult, 1 Egg Stage",N34A1,Yes,11/14/08,33.5,19.0,190.0,3600.0,0,7.88863,-26.63085,,0.0997229916897507,0
PAL0809,72,Adelie,Anvers,Torgersen,"Adult, 1 Egg Stage",N34A2,Yes,11/14/08,39.7,18.4,190.0,3900.0,1,9.29808,-25.23453,,0.10803324099722991,0
PAL0809,73,Adelie,Anvers,Torgersen,"Adult, 1 Egg Stage",N35A1,Yes,11/11/08,39.6,17.2,196.0,3550.0,0,8.33524,-26.55351,,0.09240941274468971,0
PAL0809,74,Adelie,Anvers,Torgersen,"Adult, 1 Egg Stage",N35A2,Yes,11/11/08,45.8,18.9,197.0,4150.0,1,8.18658,-26.45978,,0.10693395861784638,0
PAL0809,75,Adelie,Anvers,Torgersen,"Adult, 1 Egg Stage",N36A1,Yes,11/8/08,35.5,17.5,190.0,3700.0,0,8.70642,-26.15003,,0.10249307479224377,0
PAL0809,76,Adelie,Anvers,Torgersen,"Adult, 1 Egg Stage",N36A2,Yes,11/8/08,42.8,18.5,195.0,4250.0,1,8.2993,-26.38986,,0.11176857330703485,0
PAL0809,77,Adelie,Anvers,Torgersen,"Adult, 1 Egg Stage",N37A1,Yes,11/6/08,40.9,16.8,191.0,3700.0,0,8.47257,-26.02002,,0.10142265837011047,0
PAL0809,78,Adelie,Anvers,Torgersen,"Adult, 1 Egg Stage",N37A2,Yes,11/6/08,37.2,19.4,184.0,3900.0,1,8.3554,-26.44787,,0.1151937618147448,0
PAL0809,79,Adelie,Anvers,Torgersen,"Adult, 1 Egg Stage",N38A1,Yes,11/9/08,36.2,16.1,187.0,3550.0,0,7.82381,-26.51382,,0.10151848780348309,0
PAL0809,80,Adelie,Anvers,Torgersen,"Adult, 1 Egg Stage",N38A2,Yes,11/9/08,42.1,19.1,195.0,4000.0,1,9.05736,-25.81513,,0.1051939513477975,0
PAL0809,81,Adelie,Anvers,Torgersen,"Adult, 1 Egg Stage",N39A1,Yes,11/2/08,34.6,17.2,189.0,3200.0,0,7.69778,-26.5387,,0.08958315836622716,0
PAL0809,82,Adelie,Anvers,Torgersen,"Adult, 1 Egg Stage",N39A2,Yes,11/2/08,42.9,17.6,196.0,4700.0,1,8.63259,-26.23027,,0.12234485630987088,0
PAL0809,83,Adelie,Anvers,Torgersen,"Adult, 1 Egg Stage",N40A1,Yes,11/7/08,36.7,18.8,187.0,3800.0,0,7.88494,-26.24837,,0.10866767708541851,0
PAL0809,84,Adelie,Anvers,Torgersen,"Adult, 1 Egg Stage",N40A2,Yes,11/7/08,35.1,19.4,193.0,4200.0,1,8.90002,-26.46254,,0.11275470482429059,0
PAL0809,85,Adelie,Anvers,Dream,"Adult, 1 Egg Stage",N41A1,Yes,11/17/08,37.3,17.8,191.0,3350.0,0,8.32718,-26.38396,,0.0918286231188838,0
PAL0809,86,Adelie,Anvers,Dream,"Adult, 1 Egg Stage",N41A2,Yes,11/17/08,41.3,20.3,194.0,3550.0,1,9.14863,-26.09635,,0.09432458284621108,0
PAL0809,87,Adelie,Anvers,Dream,"Adult, 1 Egg Stage",N42A1,Yes,11/8/08,36.3,19.5,190.0,3800.0,1,8.57087,-26.22227,,0.10526315789473684,0
PAL0809,88,Adelie,Anvers,Dream,"Adult, 1 Egg Stage",N42A2,Yes,11/8/08,36.9,18.6,189.0,3500.0,0,8.59147,-26.08165,,0.09798157946306095,0
PAL0809,89,Adelie,Anvers,Dream,"Adult, 1 Egg Stage",N44A1,Yes,11/8/08,38.3,19.2,189.0,3950.0,1,9.07826,-26.12417,,0.11057921110831163,0
PAL0809,90,Adelie,Anvers,Dream,"Adult, 1 Egg Stage",N44A2,Yes,11/8/08,38.9,18.8,190.0,3600.0,0,8.36936,-26.11199,,0.0997229916897507,0
PAL0809,91,Adelie,Anvers,Dream,"Adult, 1 Egg Stage",N45A1,Yes,11/14/08,35.7,18.0,202.0,3550.0,0,8.46531,-26.05621,,0.08700127438486423,0
PAL0809,92,Adelie,Anvers,Dream,"Adult, 1 Egg Stage",N45A2,Yes,11/14/08,41.1,18.1,205.0,4300.0,1,8.77018,-25.83352,,0.1023200475907198,0
PAL0809,93,Adelie,Anvers,Dream,"Adult, 1 Egg Stage",N46A1,Yes,11/5/08,34.0,17.1,185.0,3400.0,0,8.01485,-26.69543,,0.09934258582907232,0
PAL0809,94,Adelie,Anvers,Dream,"Adult, 1 Egg Stage",N46A2,Yes,11/5/08,39.6,18.1,186.0,4450.0,1,8.49915,-26.42406,,0.12862758700427795,0
PAL0809,95,Adelie,Anvers,Dream,"Adult, 1 Egg Stage",N48A1,Yes,11/17/08,36.2,17.3,187.0,3300.0,0,8.90723,-26.30037,,0.09436929852154766,0
PAL0809,96,Adelie,Anvers,Dream,"Adult, 1 Egg Stage",N48A2,Yes,11/17/08,40.8,18.9,208.0,4300.0,1,8.48204,-26.57941,,0.09938979289940829,0
PAL0809,97,Adelie,Anvers,Dream,"Adult, 1 Egg Stage",N49A1,Yes,11/8/08,38.1,18.6,190.0,3700.0,0,8.10277,-26.50086,,0.10249307479224377,0
PAL0809,98,Adelie,Anvers,Dream,"Adult, 1 Egg Stage",N49A2,Yes,11/8/08,40.3,18.5,196.0,4350.0,1,8.39459,-26.01152,,0.11323406913785923,0
PAL0809,99,Adelie,Anvers,Dream,"Adult, 1 Egg Stage",N50A1,Yes,11/10/08,33.1,16.1,178.0,2900.0,0,9.04218,-26.15775,,0.0915288473677566,0
PAL0809,100,Adelie,Anvers,Dream,"Adult, 1 Egg Stage",N50A2,Yes,11/10/08,43.2,18.5,192.0,4100.0,1,8.97025,-26.03679,,0.11121961805555555,0
PAL0910,101,Adelie,Anvers,Biscoe,"Adult, 1 Egg Stage",N47A1,Yes,11/9/09,35.0,17.9,192.0,3725.0,0,8.84451,-26.28055,,0.1010470920138889,0
PAL0910,102,Adelie,Anvers,Biscoe,"Adult, 1 Egg Stage",N47A2,Yes,11/9/09,41.0,20.0,203.0,4725.0,1,9.01079,-26.38085,,0.11465941905894343,0
PAL0910,103,Adelie,Anvers,Biscoe,"Adult, 1 Egg Stage",N49A1,Yes,11/15/09,37.7,16.0,183.0,3075.0,0,9.2151,-26.2253,,0.09182119501926006,0
PAL0910,104,Adelie,Anvers,Biscoe,"Adult, 1 Egg Stage",N49A2,Yes,11/15/09,37.8,20.0,190.0,4250.0,1,9.51929,-25.69199,,0.11772853185595568,0
PAL0910,105,Adelie,Anvers,Biscoe,"Adult, 1 Egg Stage",N51A1,Yes,11/15/09,37.9,18.6,193.0,2925.0,0,9.02642,-25.86482,,0.07852559800263094,0
PAL0910,106,Adelie,Anvers,Biscoe,"Adult, 1 Egg Stage",N51A2,Yes,11/15/09,39.7,18.9,184.0,3550.0,1,8.85699,-25.80208,,0.10485586011342155,0
PAL0910,107,Adelie,Anvers,Biscoe,"Adult, 1 Egg Stage",N53A1,Yes,11/15/09,38.6,17.2,199.0,3750.0,0,8.77322,-26.48973,,0.09469457841973687,0
PAL0910,108,Adelie,Anvers,Biscoe,"Adult, 1 Egg Stage",N53A2,Yes,11/15/09,38.2,20.0,190.0,3900.0,1,9.59245,-25.70711,,0.10803324099722991,0
PAL0910,109,Adelie,Anvers,Biscoe,"Adult, 1 Egg Stage",N55A1,Yes,11/20/09,38.1,17.0,181.0,3175.0,0,9.79532,-25.27385,,0.09691401361374806,0
PAL0910,110,Adelie,Anvers,Biscoe,"Adult, 1 Egg Stage",N55A2,Yes,11/20/09,43.2,19.0,197.0,4775.0,1,9.31735,-25.45171,,0.12303847045788348,0
PAL0910,111,Adelie,Anvers,Biscoe,"Adult, 1 Egg Stage",N58A1,Yes,11/12/09,38.1,16.5,198.0,3825.0,0,8.43951,-26.57563,,0.09756657483930212,0
PAL0910,112,Adelie,Anvers,Biscoe,"Adult, 1 Egg Stage",N58A2,Yes,11/12/09,45.6,20.3,191.0,4600.0,1,8.65466,-26.32909,,0.12609303473040762,0
PAL0910,113,Adelie,Anvers,Biscoe,"Adult, 1 Egg Stage",N60A1,Yes,11/15/09,39.7,17.7,193.0,3200.0,0,9.02657,-26.06203,,0.08590834653279282,0
PAL0910,114,Adelie,Anvers,Biscoe,"Adult, 1 Egg Stage",N60A2,Yes,11/15/09,42.2,19.5,197.0,4275.0,1,8.80186,-26.41218,,0.1101548609858538,0
PAL0910,115,Adelie,Anvers,Biscoe,"Adult, 1 Egg Stage",N61A1,Yes,11/17/09,39.6,20.7,191.0,3900.0,0,8.80967,-26.78958,,0.10690496422795427,0
PAL0910,116,Adelie,Anvers,Biscoe,"Adult, 1 Egg Stage",N61A2,Yes,11/17/09,42.7,18.3,196.0,4075.0,1,8.91434,-26.42018,,0.1060755935027072,0
PAL0910,117,Adelie,Anvers,Torgersen,"Adult, 1 Egg Stage",N63A1,Yes,11/18/09,38.6,17.0,188.0,2900.0,0,9.18021,-25.77264,,0.08205070167496605,0
PAL0910,118,Adelie,Anvers,Torgersen,"Adult, 1 Egg Stage",N63A2,Yes,11/18/09,37.3,20.5,199.0,3775.0,1,9.49645,-26.36678,,0.09532587560920179,0
PAL0910,119,Adelie,Anvers,Torgersen,"Adult, 1 Egg Stage",N64A1,Yes,11/22/09,35.7,17.0,189.0,3350.0,0,8.96436,-23.90309,,0.09378236891464405,0
PAL0910,120,Adelie,Anvers,Torgersen,"Adult, 1 Egg Stage",N64A2,Yes,11/22/09,41.1,18.6,189.0,3325.0,1,9.32277,-26.09989,,0.09308250048990789,0
PAL0910,121,Adelie,Anvers,Torgersen,"Adult, 1 Egg Stage",N66A1,No,11/17/09,36.2,17.2,187.0,3150.0,0,9.04296,-26.19444,Nest never observed with full clutch.,0.0900797849523864,0
PAL0910,122,Adelie,Anvers,Torgersen,"Adult, 1 Egg Stage",N66A2,No,11/17/09,37.7,19.8,198.0,3500.0,1,9.11066,-26.42563,Nest never observed with full clutch.,0.08927660442811958,0
PAL0910,123,Adelie,Anvers,Torgersen,"Adult, 1 Egg Stage",N67A1,Yes,11/16/09,40.2,17.0,176.0,3450.0,0,9.30722,-25.61039,,0.11137654958677685,0
PAL0910,124,Adelie,Anvers,Torgersen,"Adult, 1 Egg Stage",N67A2,Yes,11/16/09,41.4,18.5,202.0,3875.0,1,9.59462,-25.42621,,0.09496617978629546,0
PAL0910,125,Adelie,Anvers,Torgersen,"Adult, 1 Egg Stage",N69A1,Yes,11/18/09,35.2,15.9,186.0,3050.0,0,8.81668,-25.95399,,0.08816048098046017,0
PAL0910,126,Adelie,Anvers,Torgersen,"Adult, 1 Egg Stage",N69A2,Yes,11/18/09,40.6,19.0,199.0,4000.0,1,9.22537,-25.60826,,0.101007550314386,0
PAL0910,127,Adelie,Anvers,Torgersen,"Adult, 1 Egg Stage",N71A1,Yes,11/21/09,38.8,17.6,191.0,3275.0,0,8.88098,-25.89741,,0.08977275842219237,0
PAL0910,128,Adelie,Anvers,Torgersen,"Adult, 1 Egg Stage",N71A2,Yes,11/21/09,41.5,18.3,195.0,4300.0,1,8.52566,-26.0245,,0.11308349769888232,0
PAL0910,129,Adelie,Anvers,Torgersen,"Adult, 1 Egg Stage",N72A1,Yes,11/18/09,39.0,17.1,191.0,3050.0,0,9.19031,-25.73722,,0.08360516433211809,0
PAL0910,130,Adelie,Anvers,Torgersen,"Adult, 1 Egg Stage",N72A2,Yes,11/18/09,44.1,18.0,210.0,4000.0,1,9.10702,-26.01363,,0.09070294784580499,0
PAL0910,131,Adelie,Anvers,Torgersen,"Adult, 1 Egg Stage",N73A1,No,11/23/09,38.5,17.9,190.0,3325.0,0,8.9846,-25.57956,Nest never observed with full clutch.,0.09210526315789473,0
PAL0910,132,Adelie,Anvers,Torgersen,"Adult, 1 Egg Stage",N73A2,No,11/23/09,43.1,19.2,197.0,3500.0,1,8.86495,-26.1396,Nest never observed with full clutch.,0.09018526630420778,0
PAL0910,133,Adelie,Anvers,Dream,"Adult, 1 Egg Stage",N76A1,Yes,11/10/09,36.8,18.5,193.0,3500.0,0,8.98705,-25.57647,,0.09396225402024215,0
PAL0910,134,Adelie,Anvers,Dream,"Adult, 1 Egg Stage",N76A2,Yes,11/10/09,37.5,18.5,199.0,4475.0,1,8.56708,-26.49288,,0.11300219691421934,0
PAL0910,135,Adelie,Anvers,Dream,"Adult, 1 Egg Stage",N77A1,Yes,11/13/09,38.1,17.6,187.0,3425.0,0,8.717,-25.77951,,0.09794389316251537,0
PAL0910,136,Adelie,Anvers,Dream,"Adult, 1 Egg Stage",N77A2,Yes,11/13/09,41.1,17.5,190.0,3900.0,1,8.94365,-26.06943,,0.10803324099722991,0
PAL0910,137,Adelie,Anvers,Dream,"Adult, 1 Egg Stage",N78A1,Yes,11/16/09,35.6,17.5,191.0,3175.0,0,8.75984,-25.97696,,0.08703160549327046,0
PAL0910,138,Adelie,Anvers,Dream,"Adult, 1 Egg Stage",N78A2,Yes,11/16/09,40.2,20.1,200.0,3975.0,1,8.95998,-26.32601,,0.099375,0
PAL0910,139,Adelie,Anvers,Dream,"Adult, 1 Egg Stage",N79A1,No,11/16/09,37.0,16.5,185.0,3400.0,0,8.61651,-26.07021,Nest never observed with full clutch.,0.09934258582907232,0
PAL0910,140,Adelie,Anvers,Dream,"Adult, 1 Egg Stage",N79A2,No,11/16/09,39.7,17.9,193.0,4250.0,1,9.25769,-25.88798,Nest never observed with full clutch.,0.11409702273886548,0
PAL0910,141,Adelie,Anvers,Dream,"Adult, 1 Egg Stage",N80A1,Yes,11/14/09,40.2,17.1,193.0,3400.0,0,9.2881,-25.54976,,0.09127761819109238,0
PAL0910,142,Adelie,Anvers,Dream,"Adult, 1 Egg Stage",N80A2,Yes,11/14/09,40.6,17.2,187.0,3475.0,1,9.23408,-26.01549,,0.09937373101890246,0
PAL0910,143,Adelie,Anvers,Dream,"Adult, 1 Egg Stage",N81A1,Yes,11/16/09,32.1,15.5,188.0,3050.0,0,8.79787,-26.61075,,0.08629470348574016,0
PAL0910,144,Adelie,Anvers,Dream,"Adult, 1 Egg Stage",N81A2,Yes,11/16/09,40.7,17.0,190.0,3725.0,1,9.05674,-25.79529,,0.10318559556786704,0
PAL0910,145,Adelie,Anvers,Dream,"Adult, 1 Egg Stage",N82A1,Yes,11/16/09,37.3,16.8,192.0,3000.0,0,9.06829,-25.85203,,0.08138020833333333,0
PAL0910,146,Adelie,Anvers,Dream,"Adult, 1 Egg Stage",N82A2,Yes,11/16/09,39.0,18.7,185.0,3650.0,1,9.22033,-26.03442,,0.10664718772826881,0
PAL0910,147,Adelie,Anvers,Dream,"Adult, 1 Egg Stage",N83A1,Yes,11/13/09,39.2,18.6,190.0,4250.0,1,9.11006,-25.79549,,0.11772853185595568,0
PAL0910,148,Adelie,Anvers,Dream,"Adult, 1 Egg Stage",N83A2,Yes,11/13/09,36.6,18.4,184.0,3475.0,0,8.68744,-25.8306,,0.102640595463138,0
PAL0910,149,Adelie,Anvers,Dream,"Adult, 1 Egg Stage",N84A1,Yes,11/17/09,36.0,17.8,195.0,3450.0,0,8.94332,-25.79189,,0.09072978303747535,0
PAL0910,150,Adelie,Anvers,Dream,"Adult, 1 Egg Stage",N84A2,Yes,11/17/09,37.8,18.1,193.0,3750.0,1,8.97533,-26.03495,,0.1006738435931166,0
PAL0910,151,Adelie,Anvers,Dream,"Adult, 1 Egg Stage",N85A1,Yes,11/17/09,36.0,17.1,187.0,3700.0,0,8.93465,-26.07081,,0.10580800137264434,0
PAL0910,152,Adelie,Anvers,Dream,"Adult, 1 Egg Stage",N85A2,Yes,11/17/09,41.5,18.5,201.0,4000.0,1,8.8964,-26.06967,,0.09900745031063587,0
PAL0708,1,Chinstrap,Anvers,Dream,"Adult, 1 Egg Stage",N61A1,No,11/19/07,46.5,17.9,192.0,3500.0,0,9.03935,-24.30229,,0.0949435763888889,1
PAL0708,2,Chinstrap,Anvers,Dream,"Adult, 1 Egg Stage",N61A2,No,11/19/07,50.0,19.5,196.0,3900.0,1,8.92069,-24.23592,,0.10152019991670137,1
PAL0708,3,Chinstrap,Anvers,Dream,"Adult, 1 Egg Stage",N62A1,Yes,11/26/07,51.3,19.2,193.0,3650.0,1,9.29078,-24.7557,,0.09798920776396682,1
PAL0708,4,Chinstrap,Anvers,Dream,"Adult, 1 Egg Stage",N62A2,Yes,11/26/07,45.4,18.7,188.0,3525.0,0,8.64701,-24.62717,,0.09973404255319149,1
PAL0708,5,Chinstrap,Anvers,Dream,"Adult, 1 Egg Stage",N64A1,Yes,11/21/07,52.7,19.8,197.0,3725.0,1,9.00642,-24.61867,,0.09598289056662114,1
PAL0708,6,Chinstrap,Anvers,Dream,"Adult, 1 Egg Stage",N64A2,Yes,11/21/07,45.2,17.8,198.0,3950.0,0,8.88942,-24.49433,,0.10075502499744925,1
PAL0708,7,Chinstrap,Anvers,Dream,"Adult, 1 Egg Stage",N66A1,Yes,11/28/07,46.1,18.2,178.0,3250.0,0,8.85664,-24.55644,,0.10257543239489963,1
PAL0708,8,Chinstrap,Anvers,Dream,"Adult, 1 Egg Stage",N66A2,Yes,11/28/07,51.3,18.2,197.0,3750.0,1,8.63701,-24.84059,,0.09662707104022263,1
PAL0708,9,Chinstrap,Anvers,Dream,"Adult, 1 Egg Stage",N67A1,Yes,11/21/07,46.0,18.9,195.0,4150.0,0,8.47173,-24.29229,,0.1091387245233399,1
PAL0708,10,Chinstrap,Anvers,Dream,"Adult, 1 Egg Stage",N67A2,Yes,11/21/07,51.3,19.9,198.0,3700.0,1,8.79581,-24.36088,,0.09437812468115499,1
PAL0708,11,Chinstrap,Anvers,Dream,"Adult, 1 Egg Stage",N68A1,Yes,11/28/07,46.6,17.8,193.0,3800.0,0,8.95063,-24.59897,,0.10201616150769148,1
PAL0708,12,Chinstrap,Anvers,Dream,"Adult, 1 Egg Stage",N68A2,Yes,11/28/07,51.7,20.3,194.0,3775.0,1,8.68747,-24.38751,,0.10030290147730896,1
PAL0708,13,Chinstrap,Anvers,Dream,"Adult, 1 Egg Stage",N69A1,Yes,11/26/07,47.0,17.3,185.0,3700.0,0,8.72037,-24.80526,,0.10810810810810811,1
PAL0708,14,Chinstrap,Anvers,Dream,"Adult, 1 Egg Stage",N69A2,Yes,11/26/07,52.0,18.1,201.0,4050.0,1,9.0233,-24.38933,,0.10024504343951883,1
PAL0708,15,Chinstrap,Anvers,Dream,"Adult, 1 Egg Stage",N70A1,Yes,11/22/07,45.9,17.1,190.0,3575.0,0,9.12277,-24.90024,,0.09903047091412742,1
PAL0708,16,Chinstrap,Anvers,Dream,"Adult, 1 Egg Stage",N70A2,Yes,11/22/07,50.5,19.6,201.0,4050.0,1,9.8059,-24.7294,,0.10024504343951883,1
PAL0708,17,Chinstrap,Anvers,Dream,"Adult, 1 Egg Stage",N71A1,No,11/30/07,50.3,20.0,197.0,3300.0,1,10.02019,-24.54704,,0.08503182251539591,1
PAL0708,18,Chinstrap,Anvers,Dream,"Adult, 1 Egg Stage",N71A2,No,11/30/07,58.0,17.8,181.0,3700.0,0,9.14382,-24.57994,,0.11293916547113947,1
PAL0708,19,Chinstrap,Anvers,Dream,"Adult, 1 Egg Stage",N72A1,Yes,11/30/07,46.4,18.6,190.0,3450.0,0,9.32105,-24.64162,,0.09556786703601108,1
PAL0708,20,Chinstrap,Anvers,Dream,"Adult, 1 Egg Stage",N72A2,Yes,11/30/07,49.2,18.2,195.0,4400.0,1,9.27158,-24.64335,,0.11571334648257725,1
PAL0708,21,Chinstrap,Anvers,Dream,"Adult, 1 Egg Stage",N73A1,Yes,12/3/07,42.4,17.3,181.0,3600.0,0,9.35138,-24.6879,,0.1098867555935411,1
PAL0708,22,Chinstrap,Anvers,Dream,"Adult, 1 Egg Stage",N73A2,Yes,12/3/07,48.5,17.5,191.0,3400.0,1,9.42666,-24.26375,,0.09319919958334476,1
PAL0708,23,Chinstrap,Anvers,Dream,"Adult, 1 Egg Stage",N85A1,No,11/28/07,43.2,16.6,187.0,2900.0,0,9.35416,-25.01185,,0.08293059567045097,1
PAL0708,24,Chinstrap,Anvers,Dream,"Adult, 1 Egg Stage",N85A2,No,11/28/07,50.6,19.4,193.0,3800.0,1,9.28153,-24.97134,,0.10201616150769148,1
PAL0708,25,Chinstrap,Anvers,Dream,"Adult, 1 Egg Stage",N89A1,No,11/28/07,46.7,17.9,195.0,3300.0,0,9.74144,-24.59467,,0.08678500986193294,1
PAL0708,26,Chinstrap,Anvers,Dream,"Adult, 1 Egg Stage",N89A2,No,11/28/07,52.0,19.0,197.0,4150.0,1,9.36799,-24.47142,,0.10693395861784638,1
PAL0809,27,Chinstrap,Anvers,Dream,"Adult, 1 Egg Stage",N61A1,No,11/25/08,50.5,18.4,200.0,3400.0,0,8.9399,-23.89017,,0.085,1
PAL0809,28,Chinstrap,Anvers,Dream,"Adult, 1 Egg Stage",N61A2,No,11/25/08,49.5,19.0,200.0,3800.0,1,9.63074,-24.34684,,0.095,1
PAL0809,29,Chinstrap,Anvers,Dream,"Adult, 1 Egg Stage",N62A1,Yes,11/14/08,46.4,17.8,191.0,3700.0,0,9.37369,-24.52896,,0.10142265837011047,1
PAL0809,30,Chinstrap,Anvers,Dream,"Adult, 1 Egg Stage",N62A2,Yes,11/14/08,52.8,20.0,205.0,4550.0,1,9.25177,-24.69638,,0.10826888756692445,1
PAL0809,31,Chinstrap,Anvers,Dream,"Adult, 1 Egg Stage",N63A1,Yes,11/24/08,40.9,16.6,187.0,3200.0,0,9.08458,-24.54903,,0.09150962280877349,1
PAL0809,32,Chinstrap,Anvers,Dream,"Adult, 1 Egg Stage",N63A2,Yes,11/24/08,54.2,20.8,201.0,4300.0,1,9.49283,-24.59996,,0.10643300908393356,1
PAL0809,33,Chinstrap,Anvers,Dream,"Adult, 1 Egg Stage",N65A1,Yes,11/24/08,42.5,16.7,187.0,3350.0,0,9.36668,-24.45195,,0.09579913637793475,1
PAL0809,34,Chinstrap,Anvers,Dream,"Adult, 1 Egg Stage",N65A2,Yes,11/24/08,51.0,18.8,203.0,4100.0,1,9.23196,-24.17282,,0.09949282923633188,1
PAL0809,35,Chinstrap,Anvers,Dream,"Adult, 1 Egg Stage",N67A1,Yes,11/25/08,49.7,18.6,195.0,3600.0,1,9.75486,-24.31198,,0.09467455621301775,1
PAL0809,36,Chinstrap,Anvers,Dream,"Adult, 1 Egg Stage",N67A2,Yes,11/25/08,47.5,16.8,199.0,3900.0,0,9.07825,-25.1455,,0.09848236155652636,1
PAL0809,37,Chinstrap,Anvers,Dream,"Adult, 1 Egg Stage",N69A1,Yes,11/14/08,47.6,18.3,195.0,3850.0,0,8.83502,-24.65859,,0.1012491781722551,1
PAL0809,38,Chinstrap,Anvers,Dream,"Adult, 1 Egg Stage",N69A2,Yes,11/14/08,52.0,20.7,210.0,4800.0,1,9.43146,-24.6844,,0.10884353741496598,1
PAL0809,39,Chinstrap,Anvers,Dream,"Adult, 1 Egg Stage",N72A1,No,11/24/08,46.9,16.6,192.0,2700.0,0,9.80589,-24.73735,,0.0732421875,1
PAL0809,40,Chinstrap,Anvers,Dream,"Adult, 1 Egg Stage",N72A2,No,11/24/08,53.5,19.9,205.0,4500.0,1,10.02544,-24.90816,,0.10707911957168352,1
PAL0809,41,Chinstrap,Anvers,Dream,"Adult, 1 Egg Stage",N74A1,Yes,11/24/08,49.0,19.5,210.0,3950.0,1,9.53262,-24.66867,,0.08956916099773243,1
PAL0809,42,Chinstrap,Anvers,Dream,"Adult, 1 Egg Stage",N74A2,Yes,11/24/08,46.2,17.5,187.0,3650.0,0,9.61734,-24.66188,,0.10437816351625726,1
PAL0809,43,Chinstrap,Anvers,Dream,"Adult, 1 Egg Stage",N75A1,Yes,11/14/08,50.9,19.1,196.0,3550.0,1,10.02372,-24.86594,,0.09240941274468971,1
PAL0809,44,Chinstrap,Anvers,Dream,"Adult, 1 Egg Stage",N75A2,Yes,11/14/08,45.5,17.0,196.0,3500.0,0,9.36493,-24.66259,,0.09110787172011661,1
PAL0910,45,Chinstrap,Anvers,Dream,"Adult, 1 Egg Stage",N86A1,Yes,11/17/09,50.9,17.9,196.0,3675.0,0,9.43684,-24.16566,,0.09566326530612244,1
PAL0910,46,Chinstrap,Anvers,Dream,"Adult, 1 Egg Stage",N86A2,Yes,11/17/09,50.8,18.5,201.0,4450.0,1,9.45827,-24.35575,,0.11014578847058241,1
PAL0910,47,Chinstrap,Anvers,Dream,"Adult, 1 Egg Stage",N87A1,Yes,11/27/09,50.1,17.9,190.0,3400.0,0,9.46819,-24.45721,,0.09418282548476455,1
PAL0910,48,Chinstrap,Anvers,Dream,"Adult, 1 Egg Stage",N87A2,Yes,11/27/09,49.0,19.6,212.0,4300.0,1,9.34089,-24.45189,,0.09567461730153079,1
PAL0910,49,Chinstrap,Anvers,Dream,"Adult, 1 Egg Stage",N88A1,Yes,11/23/09,51.5,18.7,187.0,3250.0,1,9.6895,-24.43062,,0.09293946066516057,1
PAL0910,50,Chinstrap,Anvers,Dream,"Adult, 1 Egg Stage",N88A2,Yes,11/23/09,49.8,17.3,198.0,3675.0,0,9.32169,-24.41562,,0.09374043464952556,1
PAL0910,51,Chinstrap,Anvers,Dream,"Adult, 1 Egg Stage",N90A1,Yes,11/21/09,48.1,16.4,199.0,3325.0,0,9.46929,-24.48403,,0.08396252619883336,1
PAL0910,52,Chinstrap,Anvers,Dream,"Adult, 1 Egg Stage",N90A2,Yes,11/21/09,51.4,19.0,201.0,3950.0,1,9.43782,-24.36202,,0.09776985718175293,1
PAL0910,53,Chinstrap,Anvers,Dream,"Adult, 1 Egg Stage",N92A1,Yes,11/23/09,45.7,17.3,193.0,3600.0,0,9.415,-24.805,,0.09664688984939193,1
PAL0910,54,Chinstrap,Anvers,Dream,"Adult, 1 Egg Stage",N92A2,Yes,11/23/09,50.7,19.7,203.0,4050.0,1,9.93727,-24.59066,,0.09827950205052294,1
PAL0910,55,Chinstrap,Anvers,Dream,"Adult, 1 Egg Stage",N93A1,Yes,11/27/09,42.5,17.3,187.0,3350.0,0,9.56534,-24.60882,,0.09579913637793475,1
PAL0910,56,Chinstrap,Anvers,Dream,"Adult, 1 Egg Stage",N93A2,Yes,11/27/09,52.2,18.8,197.0,3450.0,1,9.77528,-24.56481,,0.08889690535700481,1
PAL0910,57,Chinstrap,Anvers,Dream,"Adult, 1 Egg Stage",N94A1,Yes,11/21/09,45.2,16.6,191.0,3250.0,0,9.62357,-24.78984,,0.0890874701899619,1
PAL0910,58,Chinstrap,Anvers,Dream,"Adult, 1 Egg Stage",N94A2,Yes,11/21/09,49.3,19.9,203.0,4050.0,1,9.88809,-24.59513,,0.09827950205052294,1
PAL0910,59,Chinstrap,Anvers,Dream,"Adult, 1 Egg Stage",N95A1,Yes,11/21/09,50.2,18.8,202.0,3800.0,1,9.74492,-24.404,,0.09312812469365749,1
PAL0910,60,Chinstrap,Anvers,Dream,"Adult, 1 Egg Stage",N95A2,Yes,11/21/09,45.6,19.4,194.0,3525.0,0,9.46985,-24.65786,,0.09366032522053354,1
PAL0910,61,Chinstrap,Anvers,Dream,"Adult, 1 Egg Stage",N96A1,Yes,11/27/09,51.9,19.5,206.0,3950.0,1,8.7333816969697,-23.78767,,0.09308134602695824,1
PAL0910,62,Chinstrap,Anvers,Dream,"Adult, 1 Egg Stage",N96A2,Yes,11/27/09,46.8,16.5,189.0,3650.0,0,9.65061,-24.48153,,0.10218079001147784,1
PAL0910,63,Chinstrap,Anvers,Dream,"Adult, 1 Egg Stage",N98A1,Yes,11/19/09,45.7,17.0,195.0,3650.0,0,9.26715,-24.31912,,0.09598948060486522,1
PAL0910,64,Chinstrap,Anvers,Dream,"Adult, 1 Egg Stage",N98A2,Yes,11/19/09,55.8,19.8,207.0,4000.0,1,9.70465,-24.53494,,0.0933510700366403,1
PAL0910,65,Chinstrap,Anvers,Dream,"Adult, 1 Egg Stage",N99A1,No,11/21/09,43.5,18.1,202.0,3400.0,0,9.37608,-24.40753,,0.08332516419958827,1
PAL0910,66,Chinstrap,Anvers,Dream,"Adult, 1 Egg Stage",N99A2,No,11/21/09,49.6,18.2,193.0,3775.0,1,9.4618,-24.70615,,0.10134500255040403,1
PAL0910,67,Chinstrap,Anvers,Dream,"Adult, 1 Egg Stage",N100A1,Yes,11/21/09,50.8,19.0,210.0,4100.0,1,9.98044,-24.68741,,0.09297052154195011,1
PAL0910,68,Chinstrap,Anvers,Dream,"Adult, 1 Egg Stage",N100A2,Yes,11/21/09,50.2,18.7,198.0,3775.0,0,9.39305,-24.25255,,0.09629119477604325,1
PAL0708,1,Gentoo,Anvers,Biscoe,"Adult, 1 Egg Stage",N31A1,Yes,11/27/07,46.1,13.2,211.0,4500.0,0,7.993,-25.5139,,0.10107589676781743,2
PAL0708,2,Gentoo,Anvers,Biscoe,"Adult, 1 Egg Stage",N31A2,Yes,11/27/07,50.0,16.3,230.0,5700.0,1,8.14756,-25.39369,,0.10775047258979206,2
PAL0708,3,Gentoo,Anvers,Biscoe,"Adult, 1 Egg Stage",N32A1,Yes,11/27/07,48.7,14.1,210.0,4450.0,0,8.14705,-25.46172,,0.10090702947845805,2
PAL0708,4,Gentoo,Anvers,Biscoe,"Adult, 1 Egg Stage",N32A2,Yes,11/27/07,50.0,15.2,218.0,5700.0,1,8.2554,-25.40075,,0.11993939904048481,2
PAL0708,5,Gentoo,Anvers,Biscoe,"Adult, 1 Egg Stage",N33A1,Yes,11/18/07,47.6,14.5,215.0,5400.0,1,8.2345,-25.54456,,0.11681990265008113,2
PAL0708,6,Gentoo,Anvers,Biscoe,"Adult, 1 Egg Stage",N33A2,Yes,11/18/07,46.5,13.5,210.0,4550.0,0,7.9953,-25.32829,,0.10317460317460317,2
PAL0708,7,Gentoo,Anvers,Biscoe,"Adult, 1 Egg Stage",N34A1,Yes,11/27/07,45.4,14.6,211.0,4800.0,0,8.24515,-25.46782,,0.10781428988567193,2
PAL0708,8,Gentoo,Anvers,Biscoe,"Adult, 1 Egg Stage",N34A2,Yes,11/27/07,46.7,15.3,219.0,5200.0,1,8.22673,-25.4276,,0.1084214257417485,2
PAL0708,9,Gentoo,Anvers,Biscoe,"Adult, 1 Egg Stage",N35A1,Yes,11/27/07,43.3,13.4,209.0,4400.0,0,8.13643,-25.32176,,0.10073029463611181,2
PAL0708,10,Gentoo,Anvers,Biscoe,"Adult, 1 Egg Stage",N35A2,Yes,11/27/07,46.8,15.4,215.0,5150.0,1,8.1631,-25.38017,,0.11141157382368848,2
PAL0708,11,Gentoo,Anvers,Biscoe,"Adult, 1 Egg Stage",N36A1,No,11/27/07,40.9,13.7,214.0,4650.0,0,8.19579,-25.3933,,0.10153725216176085,2
PAL0708,12,Gentoo,Anvers,Biscoe,"Adult, 1 Egg Stage",N36A2,No,11/27/07,49.0,16.1,216.0,5550.0,1,8.10417,-25.50562,,0.11895576131687242,2
PAL0708,13,Gentoo,Anvers,Biscoe,"Adult, 1 Egg Stage",N37A1,Yes,11/29/07,45.5,13.7,214.0,4650.0,0,7.77672,-25.4168,,0.10153725216176085,2
PAL0708,14,Gentoo,Anvers,Biscoe,"Adult, 1 Egg Stage",N37A2,Yes,11/29/07,48.4,14.6,213.0,5850.0,1,7.8208,-25.48025,,0.12894267010513788,2
PAL0708,15,Gentoo,Anvers,Biscoe,"Adult, 1 Egg Stage",N38A1,Yes,12/3/07,45.8,14.6,210.0,4200.0,0,7.79958,-25.62618,,0.09523809523809523,2
PAL0708,16,Gentoo,Anvers,Biscoe,"Adult, 1 Egg Stage",N38A2,Yes,12/3/07,49.3,15.7,217.0,5850.0,1,8.07137,-25.52473,,0.12423283569411116,2
PAL0708,17,Gentoo,Anvers,Biscoe,"Adult, 1 Egg Stage",N39A1,Yes,11/27/07,42.0,13.5,210.0,4150.0,0,7.63884,-25.52627,,0.09410430839002268,2
PAL0708,18,Gentoo,Anvers,Biscoe,"Adult, 1 Egg Stage",N39A2,Yes,11/27/07,49.2,15.2,221.0,6300.0,1,8.27376,-25.00169,,0.12898998791998526,2
PAL0708,19,Gentoo,Anvers,Biscoe,"Adult, 1 Egg Stage",N40A1,Yes,11/27/07,46.2,14.5,209.0,4800.0,0,7.84057,-25.37899,,0.10988759414848562,2
PAL0708,20,Gentoo,Anvers,Biscoe,"Adult, 1 Egg Stage",N40A2,Yes,11/27/07,48.7,15.1,222.0,5350.0,1,7.96491,-25.39587,,0.10855450044639234,2
PAL0708,21,Gentoo,Anvers,Biscoe,"Adult, 1 Egg Stage",N41A1,Yes,11/27/07,50.2,14.3,218.0,5700.0,1,7.8962,-25.37746,,0.11993939904048481,2
PAL0708,22,Gentoo,Anvers,Biscoe,"Adult, 1 Egg Stage",N41A2,Yes,11/27/07,45.1,14.5,215.0,5000.0,0,7.6322,-25.46569,,0.10816657652785289,2
PAL0708,23,Gentoo,Anvers,Biscoe,"Adult, 1 Egg Stage",N42A1,Yes,11/27/07,46.5,14.5,213.0,4400.0,0,7.90436,-25.3947,,0.09698252110471908,2
PAL0708,24,Gentoo,Anvers,Biscoe,"Adult, 1 Egg Stage",N42A2,Yes,11/27/07,46.3,15.8,215.0,5050.0,1,7.90971,-25.38157,,0.10924824229313142,2
PAL0708,25,Gentoo,Anvers,Biscoe,"Adult, 1 Egg Stage",N44A1,Yes,11/29/07,42.9,13.1,215.0,5000.0,0,7.68528,-25.39181,,0.10816657652785289,2
PAL0708,26,Gentoo,Anvers,Biscoe,"Adult, 1 Egg Stage",N44A2,Yes,11/29/07,46.1,15.1,215.0,5100.0,1,7.83733,-25.42826,,0.11032990805840995,2
PAL0708,27,Gentoo,Anvers,Biscoe,"Adult, 1 Egg Stage",N46A1,Yes,11/29/07,44.5,14.3,216.0,4100.0,1,7.96621,-25.69327,,0.08787722908093279,2
PAL0708,28,Gentoo,Anvers,Biscoe,"Adult, 1 Egg Stage",N46A2,Yes,11/29/07,47.8,15.0,215.0,5650.0,1,7.92358,-25.48383,,0.12222823147647377,2
PAL0708,29,Gentoo,Anvers,Biscoe,"Adult, 1 Egg Stage",N47A1,Yes,11/29/07,48.2,14.3,210.0,4600.0,0,7.6887,-25.50811,,0.10430839002267574,2
PAL0708,30,Gentoo,Anvers,Biscoe,"Adult, 1 Egg Stage",N47A2,Yes,11/29/07,50.0,15.3,220.0,5550.0,1,8.30515,-25.19017,,0.11466942148760331,2
PAL0708,31,Gentoo,Anvers,Biscoe,"Adult, 1 Egg Stage",N50A1,Yes,11/29/07,47.3,15.3,222.0,5250.0,1,8.7333816969697,-25.6862915407855,,0.1065254443632822,2
PAL0708,32,Gentoo,Anvers,Biscoe,"Adult, 1 Egg Stage",N50A2,Yes,11/29/07,42.8,14.2,209.0,4700.0,0,7.63452,-25.46327,,0.10759826927039216,2
PAL0708,33,Gentoo,Anvers,Biscoe,"Adult, 1 Egg Stage",N56A1,Yes,12/3/07,45.1,14.5,207.0,5050.0,0,7.97408,-25.53768,,0.11785572592125837,2
PAL0708,34,Gentoo,Anvers,Biscoe,"Adult, 1 Egg Stage",N56A2,Yes,12/3/07,59.6,17.0,230.0,6050.0,1,7.76843,-25.6821,,0.11436672967863894,2
PAL0809,35,Gentoo,Anvers,Biscoe,"Adult, 1 Egg Stage",N2A1,Yes,11/13/08,49.1,14.8,220.0,5150.0,0,7.89744,-26.63405,,0.10640495867768596,2
PAL0809,36,Gentoo,Anvers,Biscoe,"Adult, 1 Egg Stage",N2A2,Yes,11/13/08,48.4,16.3,220.0,5400.0,1,8.03659,-26.86127,,0.1115702479338843,2
PAL0809,37,Gentoo,Anvers,Biscoe,"Adult, 1 Egg Stage",N4A1,Yes,11/2/08,42.6,13.7,213.0,4950.0,0,7.96935,-26.70968,,0.10910533624280896,2
PAL0809,38,Gentoo,Anvers,Biscoe,"Adult, 1 Egg Stage",N4A2,Yes,11/2/08,44.4,17.3,219.0,5250.0,1,8.13746,-26.79093,,0.10946393945080378,2
PAL0809,39,Gentoo,Anvers,Biscoe,"Adult, 1 Egg Stage",N5A1,Yes,11/9/08,44.0,13.6,208.0,4350.0,0,8.01979,-26.68311,,0.10054548816568047,2
PAL0809,40,Gentoo,Anvers,Biscoe,"Adult, 1 Egg Stage",N5A2,Yes,11/9/08,48.7,15.7,208.0,5350.0,1,8.14776,-26.84506,,0.12365939349112426,2
PAL0809,41,Gentoo,Anvers,Biscoe,"Adult, 1 Egg Stage",N6A1,No,11/4/08,42.7,13.7,208.0,3950.0,0,8.14567,-26.59467,,0.09129992603550297,2
PAL0809,42,Gentoo,Anvers,Biscoe,"Adult, 1 Egg Stage",N6A2,No,11/4/08,49.6,16.0,225.0,5700.0,1,8.38324,-26.84272,,0.11259259259259259,2
PAL0809,43,Gentoo,Anvers,Biscoe,"Adult, 1 Egg Stage",N7A1,Yes,11/4/08,45.3,13.7,210.0,4300.0,0,8.37615,-26.72791,,0.09750566893424037,2
PAL0809,44,Gentoo,Anvers,Biscoe,"Adult, 1 Egg Stage",N7A2,Yes,11/4/08,49.6,15.0,216.0,4750.0,1,8.26548,-26.7699,,0.10180898491083676,2
PAL0809,45,Gentoo,Anvers,Biscoe,"Adult, 1 Egg Stage",N8A1,Yes,11/3/08,50.5,15.9,222.0,5550.0,1,8.46894,-26.60436,,0.11261261261261261,2
PAL0809,46,Gentoo,Anvers,Biscoe,"Adult, 1 Egg Stage",N8A2,Yes,11/3/08,43.6,13.9,217.0,4900.0,0,8.27141,-26.7765,,0.1040582726326743,2
PAL0809,47,Gentoo,Anvers,Biscoe,"Adult, 1 Egg Stage",N11A1,No,11/9/08,45.5,13.9,210.0,4200.0,0,8.47829,-26.61788,,0.09523809523809523,2
PAL0809,48,Gentoo,Anvers,Biscoe,"Adult, 1 Egg Stage",N11A2,No,11/9/08,50.5,15.9,225.0,5400.0,1,8.65803,-26.57585,,0.10666666666666667,2
PAL0809,49,Gentoo,Anvers,Biscoe,"Adult, 1 Egg Stage",N12A1,Yes,11/2/08,44.9,13.3,213.0,5100.0,0,8.45167,-26.89644,,0.11241155855319712,2
PAL0809,50,Gentoo,Anvers,Biscoe,"Adult, 1 Egg Stage",N12A2,Yes,11/2/08,45.2,15.8,215.0,5300.0,1,8.55868,-26.67799,,0.11465657111952407,2
PAL0809,51,Gentoo,Anvers,Biscoe,"Adult, 1 Egg Stage",N13A1,Yes,11/4/08,46.6,14.2,210.0,4850.0,0,8.38289,-26.86352,,0.10997732426303855,2
PAL0809,52,Gentoo,Anvers,Biscoe,"Adult, 1 Egg Stage",N13A2,Yes,11/4/08,48.5,14.1,220.0,5300.0,1,8.39867,-26.79358,,0.10950413223140495,2
PAL0809,53,Gentoo,Anvers,Biscoe,"Adult, 1 Egg Stage",N14A1,Yes,11/4/08,45.1,14.4,210.0,4400.0,0,8.51951,-27.01854,,0.09977324263038549,2
PAL0809,54,Gentoo,Anvers,Biscoe,"Adult, 1 Egg Stage",N14A2,Yes,11/4/08,50.1,15.0,225.0,5000.0,1,8.50153,-26.61414,,0.09876543209876543,2
PAL0809,55,Gentoo,Anvers,Biscoe,"Adult, 1 Egg Stage",N15A1,Yes,11/4/08,46.5,14.4,217.0,4900.0,0,8.48789,-26.83006,,0.1040582726326743,2
PAL0809,56,Gentoo,Anvers,Biscoe,"Adult, 1 Egg Stage",N15A2,Yes,11/4/08,45.0,15.4,220.0,5050.0,1,8.63488,-26.75621,,0.10433884297520661,2
PAL0809,57,Gentoo,Anvers,Biscoe,"Adult, 1 Egg Stage",N16A1,Yes,11/3/08,43.8,13.9,208.0,4300.0,0,8.58319,-26.84415,,0.09938979289940829,2
PAL0809,58,Gentoo,Anvers,Biscoe,"Adult, 1 Egg Stage",N16A2,Yes,11/3/08,45.5,15.0,220.0,5000.0,1,8.63604,-26.7489,,0.10330578512396695,2
PAL0809,59,Gentoo,Anvers,Biscoe,"Adult, 1 Egg Stage",N17A1,Yes,11/6/08,43.2,14.5,208.0,4450.0,0,8.48367,-26.86485,,0.10285687869822485,2
PAL0809,60,Gentoo,Anvers,Biscoe,"Adult, 1 Egg Stage",N17A2,Yes,11/6/08,50.4,15.3,224.0,5550.0,1,8.74647,-26.79846,,0.11061065051020408,2
PAL0809,61,Gentoo,Anvers,Biscoe,"Adult, 1 Egg Stage",N18A1,Yes,11/3/08,45.3,13.8,208.0,4200.0,0,8.65015,-26.79053,,0.09707840236686391,2
PAL0809,62,Gentoo,Anvers,Biscoe,"Adult, 1 Egg Stage",N18A2,Yes,11/3/08,46.2,14.9,221.0,5300.0,1,8.60092,-26.84374,,0.10851538666284474,2
PAL0809,63,Gentoo,Anvers,Biscoe,"Adult, 1 Egg Stage",N19A1,Yes,11/13/08,45.7,13.9,214.0,4400.0,0,8.6287,-26.60484,,0.09607826011005328,2
PAL0809,64,Gentoo,Anvers,Biscoe,"Adult, 1 Egg Stage",N19A2,Yes,11/13/08,54.3,15.7,231.0,5650.0,1,8.49662,-26.84166,,0.10588257341504095,2
PAL0809,65,Gentoo,Anvers,Biscoe,"Adult, 1 Egg Stage",N20A1,Yes,11/4/08,45.8,14.2,219.0,4700.0,0,8.60447,-26.61601,,0.09799628865119576,2
PAL0809,66,Gentoo,Anvers,Biscoe,"Adult, 1 Egg Stage",N20A2,Yes,11/4/08,49.8,16.8,230.0,5700.0,1,8.47067,-26.69166,,0.10775047258979206,2
PAL0809,67,Gentoo,Anvers,Biscoe,"Adult, 1 Egg Stage",N51A1,Yes,11/9/08,46.2,14.4,214.0,4650.0,1,8.24253,-26.8154,,0.10153725216176085,2
PAL0809,68,Gentoo,Anvers,Biscoe,"Adult, 1 Egg Stage",N51A2,Yes,11/9/08,49.5,16.2,229.0,5800.0,1,8.49854,-26.74809,,0.11060048435384527,2
PAL0809,69,Gentoo,Anvers,Biscoe,"Adult, 1 Egg Stage",N53A1,Yes,11/13/08,43.5,14.2,220.0,4700.0,0,8.64931,-26.68867,,0.09710743801652892,2
PAL0809,70,Gentoo,Anvers,Biscoe,"Adult, 1 Egg Stage",N53A2,Yes,11/13/08,50.7,15.0,223.0,5550.0,1,8.63551,-26.74249,,0.11160489855014177,2
PAL0809,71,Gentoo,Anvers,Biscoe,"Adult, 1 Egg Stage",N54A1,Yes,11/3/08,47.7,15.0,216.0,4750.0,0,8.53018,-26.72751,,0.10180898491083676,2
PAL0809,72,Gentoo,Anvers,Biscoe,"Adult, 1 Egg Stage",N54A2,Yes,11/3/08,46.4,15.6,221.0,5000.0,1,8.35078,-26.70783,,0.10237300628570259,2
PAL0809,73,Gentoo,Anvers,Biscoe,"Adult, 1 Egg Stage",N55A1,Yes,11/9/08,48.2,15.6,221.0,5100.0,1,8.24651,-26.66958,,0.10442046641141664,2
PAL0809,74,Gentoo,Anvers,Biscoe,"Adult, 1 Egg Stage",N55A2,Yes,11/9/08,46.5,14.8,217.0,5200.0,0,8.58487,-26.5929,,0.11042918728365436,2
PAL0809,75,Gentoo,Anvers,Biscoe,"Adult, 1 Egg Stage",N56A1,Yes,11/6/08,46.4,15.0,216.0,4700.0,0,8.47938,-26.9547,,0.10073731138545954,2
PAL0809,76,Gentoo,Anvers,Biscoe,"Adult, 1 Egg Stage",N56A2,Yes,11/6/08,48.6,16.0,230.0,5800.0,1,8.5964,-26.71199,,0.10964083175803403,2
PAL0809,77,Gentoo,Anvers,Biscoe,"Adult, 1 Egg Stage",N58A1,Yes,11/6/08,47.5,14.2,209.0,4600.0,0,8.39299,-26.78733,,0.10530894439229871,2
PAL0809,78,Gentoo,Anvers,Biscoe,"Adult, 1 Egg Stage",N58A2,Yes,11/6/08,51.1,16.3,220.0,6000.0,1,8.40327,-26.76821,,0.12396694214876033,2
PAL0809,79,Gentoo,Anvers,Biscoe,"Adult, 1 Egg Stage",N60A1,Yes,11/9/08,45.2,13.8,215.0,4750.0,0,8.24694,-26.65359,,0.10275824770146025,2
PAL0809,80,Gentoo,Anvers,Biscoe,"Adult, 1 Egg Stage",N60A2,Yes,11/9/08,45.2,16.4,223.0,5950.0,1,8.19749,-26.65931,,0.11964849484204387,2
PAL0910,81,Gentoo,Anvers,Biscoe,"Adult, 1 Egg Stage",N1A1,Yes,11/18/09,49.1,14.5,212.0,4625.0,0,8.35802,-26.2766,,0.10290583837664649,2
PAL0910,82,Gentoo,Anvers,Biscoe,"Adult, 1 Egg Stage",N1A2,Yes,11/18/09,52.5,15.6,221.0,5450.0,1,8.28601,-26.27573,,0.11158657685141582,2
PAL0910,83,Gentoo,Anvers,Biscoe,"Adult, 1 Egg Stage",N6A1,Yes,11/15/09,47.4,14.6,212.0,4725.0,0,8.19101,-26.24369,,0.10513082947668209,2
PAL0910,84,Gentoo,Anvers,Biscoe,"Adult, 1 Egg Stage",N6A2,Yes,11/15/09,50.0,15.9,224.0,5350.0,1,8.20042,-26.39677,,0.10662468112244898,2
PAL0910,85,Gentoo,Anvers,Biscoe,"Adult, 1 Egg Stage",N8A1,Yes,11/22/09,44.9,13.8,212.0,4750.0,0,8.11238,-26.20372,,0.10568707725169099,2
PAL0910,86,Gentoo,Anvers,Biscoe,"Adult, 1 Egg Stage",N8A2,Yes,11/22/09,50.8,17.3,228.0,5600.0,1,8.27428,-26.30019,,0.1077254539858418,2
PAL0910,87,Gentoo,Anvers,Biscoe,"Adult, 1 Egg Stage",N13A1,Yes,11/20/09,43.4,14.4,218.0,4600.0,0,8.23468,-26.18599,,0.09679319922565441,2
PAL0910,88,Gentoo,Anvers,Biscoe,"Adult, 1 Egg Stage",N13A2,Yes,11/20/09,51.3,14.2,218.0,5300.0,1,8.15426,-26.3433,,0.11152259910781921,2
PAL0910,89,Gentoo,Anvers,Biscoe,"Adult, 1 Egg Stage",N14A1,Yes,11/25/09,47.5,14.0,212.0,4875.0,0,8.12691,-26.23613,,0.10846831612673549,2
PAL0910,90,Gentoo,Anvers,Biscoe,"Adult, 1 Egg Stage",N14A2,Yes,11/25/09,52.1,17.0,230.0,5550.0,1,8.27595,-26.11657,,0.10491493383742911,2
PAL0910,91,Gentoo,Anvers,Biscoe,"Adult, 1 Egg Stage",N15A1,Yes,11/25/09,47.5,15.0,218.0,4950.0,0,8.29671,-26.08547,,0.1041578991667368,2
PAL0910,92,Gentoo,Anvers,Biscoe,"Adult, 1 Egg Stage",N15A2,Yes,11/25/09,52.2,17.1,228.0,5400.0,1,8.36701,-25.89834,,0.1038781163434903,2
PAL0910,93,Gentoo,Anvers,Biscoe,"Adult, 1 Egg Stage",N18A1,Yes,12/1/09,45.5,14.5,212.0,4750.0,0,8.15566,-26.22848,,0.10568707725169099,2
PAL0910,94,Gentoo,Anvers,Biscoe,"Adult, 1 Egg Stage",N18A2,Yes,12/1/09,49.5,16.1,224.0,5650.0,1,8.83352,-25.69195,,0.11260363520408163,2
PAL0910,95,Gentoo,Anvers,Biscoe,"Adult, 1 Egg Stage",N19A1,Yes,11/27/09,44.5,14.7,214.0,4850.0,0,8.20106,-26.16524,,0.10590444580312691,2
PAL0910,96,Gentoo,Anvers,Biscoe,"Adult, 1 Egg Stage",N19A2,Yes,11/27/09,50.8,15.7,226.0,5200.0,1,8.27102,-26.11244,,0.10180906883859348,2
PAL0910,97,Gentoo,Anvers,Biscoe,"Adult, 1 Egg Stage",N20A1,Yes,11/18/09,49.4,15.8,216.0,4925.0,1,8.03624,-26.06594,,0.10555984224965706,2
PAL0910,98,Gentoo,Anvers,Biscoe,"Adult, 1 Egg Stage",N20A2,Yes,11/18/09,46.9,14.6,222.0,4875.0,0,7.8881,-26.04726,,0.09891648405161918,2
PAL0910,99,Gentoo,Anvers,Biscoe,"Adult, 1 Egg Stage",N21A1,Yes,11/18/09,48.4,14.4,203.0,4625.0,0,8.16582,-26.13971,,0.11223276468732558,2
PAL0910,100,Gentoo,Anvers,Biscoe,"Adult, 1 Egg Stage",N21A2,Yes,11/18/09,51.1,16.5,225.0,5250.0,1,8.2066,-26.36863,,0.1037037037037037,2
PAL0910,101,Gentoo,Anvers,Biscoe,"Adult, 1 Egg Stage",N22A1,Yes,11/22/09,48.5,15.0,219.0,4850.0,0,8.10231,-26.18763,,0.10112382977836158,2
PAL0910,102,Gentoo,Anvers,Biscoe,"Adult, 1 Egg Stage",N22A2,Yes,11/22/09,55.9,17.0,228.0,5600.0,1,8.3118,-26.35425,,0.1077254539858418,2
PAL0910,103,Gentoo,Anvers,Biscoe,"Adult, 1 Egg Stage",N23A1,Yes,11/18/09,47.2,15.5,215.0,4975.0,0,8.30817,-26.21651,,0.10762574364521363,2
PAL0910,104,Gentoo,Anvers,Biscoe,"Adult, 1 Egg Stage",N23A2,Yes,11/18/09,49.1,15.0,228.0,5500.0,1,8.65914,-25.79203,,0.10580178516466605,2
PAL0910,105,Gentoo,Anvers,Biscoe,"Adult, 1 Egg Stage",N24A1,Yes,12/1/09,47.3,13.8,216.0,4725.0,1,8.25818,-26.23886,,0.10127314814814815,2
PAL0910,106,Gentoo,Anvers,Biscoe,"Adult, 1 Egg Stage",N24A2,Yes,12/1/09,46.8,16.1,215.0,5500.0,1,8.32359,-26.05756,,0.11898323418063818,2
PAL0910,107,Gentoo,Anvers,Biscoe,"Adult, 1 Egg Stage",N28A1,Yes,11/10/09,41.7,14.7,210.0,4700.0,0,8.12311,-26.44815,,0.10657596371882086,2
PAL0910,108,Gentoo,Anvers,Biscoe,"Adult, 1 Egg Stage",N28A2,Yes,11/10/09,53.4,15.8,219.0,5500.0,1,8.41017,-26.33867,,0.11467650799608015,2
PAL0910,109,Gentoo,Anvers,Biscoe,"Adult, 1 Egg Stage",N29A1,Yes,11/9/09,43.3,14.0,208.0,4575.0,0,8.4207,-26.38092,,0.10574611686390532,2
PAL0910,110,Gentoo,Anvers,Biscoe,"Adult, 1 Egg Stage",N29A2,Yes,11/9/09,48.1,15.1,209.0,5500.0,1,8.45738,-26.22664,,0.12591286829513976,2
PAL0910,111,Gentoo,Anvers,Biscoe,"Adult, 1 Egg Stage",N32A1,Yes,11/20/09,50.5,15.2,216.0,5000.0,0,8.24691,-26.18466,,0.1071673525377229,2
PAL0910,112,Gentoo,Anvers,Biscoe,"Adult, 1 Egg Stage",N32A2,Yes,11/20/09,49.8,15.9,229.0,5950.0,1,8.29226,-26.21019,,0.11346084170782403,2
PAL0910,113,Gentoo,Anvers,Biscoe,"Adult, 1 Egg Stage",N34A1,Yes,11/27/09,43.5,15.2,213.0,4650.0,0,8.21634,-26.11046,,0.10249289162203266,2
PAL0910,114,Gentoo,Anvers,Biscoe,"Adult, 1 Egg Stage",N34A2,Yes,11/27/09,51.5,16.3,230.0,5500.0,1,8.78557,-25.76147,,0.10396975425330812,2
PAL0910,115,Gentoo,Anvers,Biscoe,"Adult, 1 Egg Stage",N35A1,Yes,11/25/09,46.2,14.1,217.0,4375.0,0,8.30231,-25.96013,,0.09290917199345919,2
PAL0910,116,Gentoo,Anvers,Biscoe,"Adult, 1 Egg Stage",N35A2,Yes,11/25/09,55.1,16.0,230.0,5850.0,1,8.08354,-26.18161,,0.11058601134215501,2
PAL0910,117,Gentoo,Anvers,Biscoe,"Adult, 1 Egg Stage",N36A1,Yes,12/1/09,44.5,15.7,217.0,4875.0,1,8.04111,-26.18444,,0.10352736307842596,2
PAL0910,118,Gentoo,Anvers,Biscoe,"Adult, 1 Egg Stage",N36A2,Yes,12/1/09,48.8,16.2,222.0,6000.0,1,8.33825,-25.88547,,0.12174336498660823,2
PAL0910,119,Gentoo,Anvers,Biscoe,"Adult, 1 Egg Stage",N38A1,No,12/1/09,47.2,13.7,214.0,4925.0,0,7.99184,-26.20538,,0.10754214341863919,2
PAL0910,120,Gentoo,Anvers,Biscoe,"Adult, 1 Egg Stage",N38A2,No,12/1/09,43.9219298245614,17.151169590643278,200.91520467836258,4201.754385964912,1,8.7333816969697,-25.6862915407855,,0.10408905215045883,2
PAL0910,121,Gentoo,Anvers,Biscoe,"Adult, 1 Egg Stage",N39A1,Yes,11/22/09,46.8,14.3,215.0,4850.0,0,8.41151,-26.13832,,0.10492157923201731,2
PAL0910,122,Gentoo,Anvers,Biscoe,"Adult, 1 Egg Stage",N39A2,Yes,11/22/09,50.4,15.7,222.0,5750.0,1,8.30166,-26.04117,,0.11667072477883289,2
PAL0910,123,Gentoo,Anvers,Biscoe,"Adult, 1 Egg Stage",N43A1,Yes,11/22/09,45.2,14.8,212.0,5200.0,0,8.24246,-26.11969,,0.1156995372018512,2
PAL0910,124,Gentoo,Anvers,Biscoe,"Adult, 1 Egg Stage",N43A2,Yes,11/22/09,49.9,16.1,213.0,5400.0,1,8.3639,-26.15531,,0.11902400317397342,2
